{
    "initial_cash": 30000,
    "final_equity": 497432.0384927952,
    "total_return": 467432.0384927952,
    "total_return_pct": 1558.106794975984,
    "max_drawdown": 6.988927332869907,
    "max_drawdown_value": 777458.1641671391,
    "max_time_underwater": 240539.0,
    "underwater_rate": 0.986465039927713,
    "total_trades": 2386,
    "win_trades": 996,
    "loss_trades": 1390,
    "win_rate": 0.41743503772003354,
    "tp_rate": 0.41743503772003354,
    "sl_rate": 0.5825649622799665,
    "time_exit_rate": 0.0,
    "profit_factor": 1.0242751874733285,
    "avg_win": 19802.18883052484,
    "avg_loss": 13852.912256625847,
    "win_loss_ratio": 1.4294603519959102,
    "expectancy": 195.90613516044323,
    "annual_return": 94.59305132388303,
    "annual_volatility": 1329.2294765379231,
    "sharpe_ratio": 0.07116382309716578,
    "sortino_ratio": 0.06544502582477314,
    "calmar_ratio": 0.13534702368273113,
    "risk_free_rate": 0.0
}