{
    "initial_cash": 30000,
    "final_equity": 118592.0,
    "total_return": 88592.0,
    "total_return_pct": 295.3066666666667,
    "max_drawdown": 0.12104470115519839,
    "max_drawdown_value": 5167.0,
    "max_time_underwater": 10154.0,
    "underwater_rate": 0.9496600813978047,
    "total_trades": 17217,
    "win_trades": 6858,
    "loss_trades": 10324,
    "win_rate": 0.3983272347098798,
    "tp_rate": 0.15438229656734623,
    "sl_rate": 0.46570250333972235,
    "time_exit_rate": 0.3799152000929314,
    "profit_factor": 1.1424301812049138,
    "avg_win": 103.61548556430446,
    "avg_loss": 60.24825648973266,
    "win_loss_ratio": 1.7198088642110718,
    "expectancy": 5.023134751864987,
    "annual_return": 24.203774858882344,
    "annual_volatility": 10.147267953375508,
    "sharpe_ratio": 2.385250391543165,
    "sortino_ratio": 5.354934057195524,
    "calmar_ratio": 1.9995732673873339,
    "risk_free_rate": 0.0
}