{
    "hour": 16,
    "best_params": {
        "bb_length": 8,
        "std": 1.9000000000000001,
        "position_type": "both",
        "allowed_hours": [
            16
        ],
        "tp": 1590.0,
        "sl": 260.0
    },
    "best_value": 1.6346082421169064,
    "raw_best_value": 1.6346082421169064,
    "optimize_metric": "sharpe_ratio",
    "direction": "maximize",
    "metrics": {
        "sortino_ratio": 5.7678441845325965,
        "sharpe_ratio": 1.6346082421169064,
        "calmar_ratio": 1.7528155083616868,
        "profit_factor": 1.2969472474134627,
        "win_rate": 0.45315487571701724,
        "max_drawdown": 0.04047536633206415,
        "total_return": 11624.0,
        "trades": 1569
    }
}