{
    "hour": 10,
    "best_params": {
        "bb_length": 10,
        "std": 1.9000000000000001,
        "position_type": "long",
        "allowed_hours": [
            10
        ],
        "tp": 1265.0,
        "sl": 140.0
    },
    "best_value": 1.8897174247658923,
    "raw_best_value": 1.8897174247658923,
    "optimize_metric": "sharpe_ratio",
    "direction": "maximize",
    "metrics": {
        "sortino_ratio": 16.651551207297803,
        "sharpe_ratio": 1.8897174247658923,
        "calmar_ratio": 2.4555221214278635,
        "profit_factor": 1.4386106004901962,
        "win_rate": 0.18275538894095594,
        "max_drawdown": 0.041486141610778085,
        "total_return": 11453.0,
        "trades": 1067
    }
}