{
    "hour": 15,
    "best_params": {
        "bb_length": 9,
        "std": 2.0,
        "position_type": "both",
        "allowed_hours": [
            15
        ],
        "tp": 1025.0,
        "sl": 745.0
    },
    "best_value": 0.8044420450789876,
    "raw_best_value": 0.8044420450789876,
    "optimize_metric": "sharpe_ratio",
    "direction": "maximize",
    "metrics": {
        "sortino_ratio": 1.5402468844784996,
        "sharpe_ratio": 0.8044420450789876,
        "calmar_ratio": 0.6501805780437577,
        "profit_factor": 1.1231043523859465,
        "win_rate": 0.5020374898125509,
        "max_drawdown": 0.0696944271524075,
        "total_return": 5869.0,
        "trades": 1227
    }
}