{
    "hour": 9,
    "best_params": {
        "bb_length": 6,
        "std": 1.2000000000000002,
        "position_type": "long",
        "allowed_hours": [
            9
        ],
        "tp": 1005.0,
        "sl": 350.0
    },
    "best_value": 0.45330337712918145,
    "raw_best_value": 0.45330337712918145,
    "optimize_metric": "sharpe_ratio",
    "direction": "maximize",
    "metrics": {
        "sortino_ratio": 1.7776118688060483,
        "sharpe_ratio": 0.45330337712918145,
        "calmar_ratio": 0.33557791985057633,
        "profit_factor": 1.0625906234896085,
        "win_rate": 0.29742843279961184,
        "max_drawdown": 0.11792084937227967,
        "total_return": 6475.0,
        "trades": 2061
    }
}