{
    "hour": 12,
    "best_params": {
        "bb_length": 10,
        "std": 1.1,
        "position_type": "both",
        "allowed_hours": [
            12
        ],
        "tp": 585.0,
        "sl": 940.0
    },
    "best_value": 0.8553449005670953,
    "raw_best_value": 0.8553449005670953,
    "optimize_metric": "sharpe_ratio",
    "direction": "maximize",
    "metrics": {
        "sortino_ratio": 1.2582841090970809,
        "sharpe_ratio": 0.8553449005670953,
        "calmar_ratio": 0.6262456776077422,
        "profit_factor": 1.088971739521035,
        "win_rate": 0.5636769869135014,
        "max_drawdown": 0.10201275455773927,
        "total_return": 13865.0,
        "trades": 3133
    }
}