{
    "hour": 17,
    "best_params": {
        "bb_length": 6,
        "std": 0.9,
        "position_type": "long",
        "allowed_hours": [
            17
        ],
        "tp": 1010.0,
        "sl": 150.0
    },
    "best_value": 1.5095624415167537,
    "raw_best_value": 1.5095624415167537,
    "optimize_metric": "sharpe_ratio",
    "direction": "maximize",
    "metrics": {
        "sortino_ratio": 5.10297126745677,
        "sharpe_ratio": 1.5095624415167537,
        "calmar_ratio": 1.1056931249399546,
        "profit_factor": 1.2606774668630338,
        "win_rate": 0.4450354609929078,
        "max_drawdown": 0.04334519395854587,
        "total_return": 8673.0,
        "trades": 2256
    }
}