{
    "initial_cash": 30000,
    "final_equity": 46128758.40892844,
    "total_return": 46098758.40892844,
    "total_return_pct": 153662.52802976145,
    "max_drawdown": 6.58589022297596,
    "max_drawdown_value": 4697831.682675526,
    "max_time_underwater": 65024.0,
    "underwater_rate": 0.8911123363949123,
    "total_trades": 25475,
    "win_trades": 13632,
    "loss_trades": 11843,
    "win_rate": 0.5351128557409225,
    "tp_rate": 0.5351128557409225,
    "sl_rate": 0.4648871442590775,
    "time_exit_rate": 0.0,
    "profit_factor": 1.1521873554966204,
    "avg_win": 25602.017225088297,
    "avg_loss": 25576.960263739886,
    "win_loss_ratio": 1.0009796692448998,
    "expectancy": 1809.5685342073502,
    "annual_return": 205.04964501259062,
    "annual_volatility": 593.5526218949689,
    "sharpe_ratio": 0.34546161106651607,
    "sortino_ratio": 0.21974818641637325,
    "calmar_ratio": 0.31134689171896796,
    "risk_free_rate": 0.0
}