{
    "hour": 20,
    "best_params": {
        "length_rsi": 8.0,
        "rsi_low": 38.0,
        "rsi_high": 59.0,
        "position_type": "long",
        "allowed_hours": [
            20
        ],
        "tp": 0.03290665275466496,
        "sl": 0.17006983669037318
    },
    "best_value": 4.047834533468922,
    "raw_best_value": 4.047834533468922,
    "optimize_metric": "sharpe_ratio",
    "direction": "maximize",
    "metrics": {
        "sortino_ratio": 3.6162391562569987,
        "sharpe_ratio": 4.047834533468922,
        "calmar_ratio": 5.523966412858181,
        "profit_factor": 1.3371900038488806,
        "win_rate": 0.8755980861244019,
        "max_drawdown": 0.3333254221875613,
        "total_return": 2868304.0144220074,
        "trades": 2299
    }
}