{
    "hour": 21,
    "best_params": {
        "length_rsi": 8.0,
        "rsi_low": 42.0,
        "rsi_high": 69.0,
        "position_type": "long",
        "allowed_hours": [
            21
        ],
        "tp": 0.10088023451761022,
        "sl": 0.22589845230159036
    },
    "best_value": 7.577750099815039,
    "raw_best_value": 7.577750099815039,
    "optimize_metric": "sharpe_ratio",
    "direction": "maximize",
    "metrics": {
        "sortino_ratio": 8.802755737960279,
        "sharpe_ratio": 7.577750099815039,
        "calmar_ratio": 12.295030012418152,
        "profit_factor": 1.4835016448037457,
        "win_rate": 0.7630331753554502,
        "max_drawdown": 0.5816574047390937,
        "total_return": 4708730.312175029,
        "trades": 1055
    }
}