{
    "hour": 10,
    "best_params": {
        "length_rsi": 7.0,
        "rsi_low": 32.0,
        "rsi_high": 71.0,
        "position_type": "short",
        "allowed_hours": [
            10
        ],
        "tp": 0.34119922608031505,
        "sl": 0.10544048768219741
    },
    "best_value": 1.4070367248925126,
    "raw_best_value": 1.4070367248925126,
    "optimize_metric": "sharpe_ratio",
    "direction": "maximize",
    "metrics": {
        "sortino_ratio": 1.4243792436732956,
        "sharpe_ratio": 1.4070367248925126,
        "calmar_ratio": 1.268537249689491,
        "profit_factor": 1.1820915137041186,
        "win_rate": 0.26083761939750183,
        "max_drawdown": 2.813346338191931,
        "total_return": 3336906.1457023188,
        "trades": 1361
    }
}