{
    "hour": 11,
    "best_params": {
        "length_rsi": 7.0,
        "rsi_low": 32.0,
        "rsi_high": 66.0,
        "position_type": "short",
        "allowed_hours": [
            11
        ],
        "tp": 0.043998794156305435,
        "sl": 0.047313955160260976
    },
    "best_value": 2.739888442213164,
    "raw_best_value": 2.739888442213164,
    "optimize_metric": "sharpe_ratio",
    "direction": "maximize",
    "metrics": {
        "sortino_ratio": 3.253340091856346,
        "sharpe_ratio": 2.739888442213164,
        "calmar_ratio": 4.890154014261792,
        "profit_factor": 1.1293770460682815,
        "win_rate": 0.5289541918755402,
        "max_drawdown": 0.40004068906348206,
        "total_return": 568780.7007903304,
        "trades": 1157
    }
}