{
    "hour": 7,
    "best_params": {
        "length_rsi": 9.0,
        "rsi_low": 38.0,
        "rsi_high": 63.0,
        "position_type": "short",
        "allowed_hours": [
            7
        ],
        "tp": 0.11203682290053268,
        "sl": 0.32643192756699696
    },
    "best_value": 0.9950982495184388,
    "raw_best_value": 0.9950982495184388,
    "optimize_metric": "sharpe_ratio",
    "direction": "maximize",
    "metrics": {
        "sortino_ratio": 0.6338240132264849,
        "sharpe_ratio": 0.9950982495184388,
        "calmar_ratio": 0.4548624685192409,
        "profit_factor": 1.0881945028470286,
        "win_rate": 0.7648195876288659,
        "max_drawdown": 5.751864594887718,
        "total_return": 1782397.7012674436,
        "trades": 1552
    }
}