{
    "hour": 5,
    "best_params": {
        "length_rsi": 7.0,
        "rsi_low": 40.0,
        "rsi_high": 85.0,
        "position_type": "both",
        "allowed_hours": [
            5
        ],
        "tp": 0.2679833266047088,
        "sl": 0.17357645607139965
    },
    "best_value": 0.6367242490379093,
    "raw_best_value": 0.6367242490379093,
    "optimize_metric": "sharpe_ratio",
    "direction": "maximize",
    "metrics": {
        "sortino_ratio": 0.49668198595704205,
        "sharpe_ratio": 0.6367242490379093,
        "calmar_ratio": 0.4635721702855281,
        "profit_factor": 1.0901877294399065,
        "win_rate": 0.41990950226244345,
        "max_drawdown": 4.051517308332659,
        "total_return": 3404457.4165612166,
        "trades": 2210
    }
}