{
    "hour": 6,
    "best_params": {
        "length_rsi": 9.0,
        "rsi_low": 39.0,
        "rsi_high": 56.0,
        "position_type": "short",
        "allowed_hours": [
            6
        ],
        "tp": 0.04919205097853102,
        "sl": 0.36427836204030417
    },
    "best_value": 1.44729870768862,
    "raw_best_value": 1.44729870768862,
    "optimize_metric": "sharpe_ratio",
    "direction": "maximize",
    "metrics": {
        "sortino_ratio": 0.9410930086445382,
        "sharpe_ratio": 1.44729870768862,
        "calmar_ratio": 2.6380173220210557,
        "profit_factor": 1.130650217587287,
        "win_rate": 0.8883116883116883,
        "max_drawdown": 0.8918368307572445,
        "total_return": 1275703.75219582,
        "trades": 1540
    }
}