{
    "hour": 3,
    "best_params": {
        "length_rsi": 7.0,
        "rsi_low": 33.0,
        "rsi_high": 56.0,
        "position_type": "both",
        "allowed_hours": [
            3
        ],
        "tp": 0.32898543388438467,
        "sl": 0.03015520870302176
    },
    "best_value": 1.0670600455457322,
    "raw_best_value": 1.0670600455457322,
    "optimize_metric": "sharpe_ratio",
    "direction": "maximize",
    "metrics": {
        "sortino_ratio": 4.9762843001802635,
        "sharpe_ratio": 1.0670600455457322,
        "calmar_ratio": 2.306613981252462,
        "profit_factor": 1.217475257531491,
        "win_rate": 0.10019185674696227,
        "max_drawdown": 0.5143900052665771,
        "total_return": 4923695.478337246,
        "trades": 4691
    }
}