{
    "hour": 15,
    "best_params": {
        "length_rsi": 7.0,
        "rsi_low": 28.0,
        "rsi_high": 57.0,
        "position_type": "short",
        "allowed_hours": [
            15
        ],
        "tp": 0.34725357725643724,
        "sl": 0.05135098801181527
    },
    "best_value": 0.7226218399006537,
    "raw_best_value": 0.7226218399006537,
    "optimize_metric": "sharpe_ratio",
    "direction": "maximize",
    "metrics": {
        "sortino_ratio": 3.7667102824355583,
        "sharpe_ratio": 0.7226218399006537,
        "calmar_ratio": 2.559684096534133,
        "profit_factor": 1.0839075497700301,
        "win_rate": 0.14201680672268907,
        "max_drawdown": 0.825272994995765,
        "total_return": 792870.9324932414,
        "trades": 1190
    }
}