{
    "hour": 13,
    "best_params": {
        "length_rsi": 8.0,
        "rsi_low": 34.0,
        "rsi_high": 59.0,
        "position_type": "short",
        "allowed_hours": [
            13
        ],
        "tp": 0.2524903449127539,
        "sl": 0.3644329882803058
    },
    "best_value": 2.7238980113960936,
    "raw_best_value": 2.7238980113960936,
    "optimize_metric": "sharpe_ratio",
    "direction": "maximize",
    "metrics": {
        "sortino_ratio": 6.676689514114627,
        "sharpe_ratio": 2.7238980113960936,
        "calmar_ratio": 8.33207205917773,
        "profit_factor": 1.1661152109446553,
        "win_rate": 0.6315359477124183,
        "max_drawdown": 0.5921478561221146,
        "total_return": 4595580.269374707,
        "trades": 1224
    }
}