{
    "hour": 9,
    "best_params": {
        "length_rsi": 6.0,
        "rsi_low": 26.0,
        "rsi_high": 56.0,
        "position_type": "short",
        "allowed_hours": [
            9
        ],
        "tp": 0.3457649137715429,
        "sl": 0.139022415888059
    },
    "best_value": 2.7076932032394594,
    "raw_best_value": 2.7076932032394594,
    "optimize_metric": "sharpe_ratio",
    "direction": "maximize",
    "metrics": {
        "sortino_ratio": 9.646986318355829,
        "sharpe_ratio": 2.7076932032394594,
        "calmar_ratio": 4.506198883206089,
        "profit_factor": 1.148186867717299,
        "win_rate": 0.31537708129285014,
        "max_drawdown": 0.9272161059203934,
        "total_return": 2409330.9263493204,
        "trades": 1021
    }
}