{
    "hour": 18,
    "best_params": {
        "length_rsi": 7.0,
        "rsi_low": 45.0,
        "rsi_high": 61.0,
        "position_type": "short",
        "allowed_hours": [
            18
        ],
        "tp": 0.27367601445353945,
        "sl": 0.352205824054033
    },
    "best_value": 0.11891830918867347,
    "raw_best_value": 0.11891830918867347,
    "optimize_metric": "sharpe_ratio",
    "direction": "maximize",
    "metrics": {
        "sortino_ratio": 0.09680356763119599,
        "sharpe_ratio": 0.11891830918867347,
        "calmar_ratio": 0.25364094865411996,
        "profit_factor": 1.0166468282013283,
        "win_rate": 0.5706501997820559,
        "max_drawdown": 4.6968776540537736,
        "total_return": 1204293.0068186966,
        "trades": 2753
    }
}