{
    "hour": 16,
    "best_params": {
        "length_rsi": 8.0,
        "rsi_low": 31.0,
        "rsi_high": 66.0,
        "position_type": "long",
        "allowed_hours": [
            16
        ],
        "tp": 0.13149013433831158,
        "sl": 0.030241460415054853
    },
    "best_value": 0.15188940193465028,
    "raw_best_value": 0.15188940193465028,
    "optimize_metric": "sharpe_ratio",
    "direction": "maximize",
    "metrics": {
        "sortino_ratio": 1.101598461591467,
        "sharpe_ratio": 0.15188940193465028,
        "calmar_ratio": 0.9277744947012276,
        "profit_factor": 1.0680375444415116,
        "win_rate": 0.19896640826873385,
        "max_drawdown": 1.4140681527025598,
        "total_return": 452116.9852472779,
        "trades": 1548
    }
}