{
    "hour": 10,
    "best_params": {
        "length_rsi": 9.0,
        "rsi_low": 41.0,
        "rsi_high": 83.0,
        "position_type": "short",
        "allowed_hours": [
            10
        ],
        "tp": 0.34016505008691555,
        "sl": 0.3434151649979136
    },
    "best_value": 0.16626380347226583,
    "raw_best_value": 0.16626380347226583,
    "optimize_metric": "sharpe_ratio",
    "direction": "maximize",
    "metrics": {
        "sortino_ratio": 0.16403567591827467,
        "sharpe_ratio": 0.16626380347226583,
        "calmar_ratio": 0.4041734579716779,
        "profit_factor": 1.060800406808283,
        "win_rate": 0.5134764732754683,
        "max_drawdown": 5.72458608329856,
        "total_return": 3836286.0469882125,
        "trades": 2189
    }
}