{
    "hour": 4,
    "best_params": {
        "length_rsi": 10.0,
        "rsi_low": 37.0,
        "rsi_high": 76.0,
        "position_type": "short",
        "allowed_hours": [
            4
        ],
        "tp": 0.0746134737778138,
        "sl": 0.12774004569173514
    },
    "best_value": 0.3043303894393442,
    "raw_best_value": 0.3043303894393442,
    "optimize_metric": "sharpe_ratio",
    "direction": "maximize",
    "metrics": {
        "sortino_ratio": 0.49088679756824005,
        "sharpe_ratio": 0.3043303894393442,
        "calmar_ratio": 0.16786218130978772,
        "profit_factor": 1.047924267383957,
        "win_rate": 0.6385041551246537,
        "max_drawdown": 10.536316458056024,
        "total_return": 552524.6351805162,
        "trades": 1444
    }
}