{
    "hour": 6,
    "best_params": {
        "length_rsi": 6.0,
        "rsi_low": 42.0,
        "rsi_high": 80.0,
        "position_type": "both",
        "allowed_hours": [
            6
        ],
        "tp": 0.08187710692513372,
        "sl": 0.24622849178905243
    },
    "best_value": 0.038735666622247124,
    "raw_best_value": 0.038735666622247124,
    "optimize_metric": "sharpe_ratio",
    "direction": "maximize",
    "metrics": {
        "sortino_ratio": 0.028250316252401344,
        "sharpe_ratio": 0.038735666622247124,
        "calmar_ratio": 0.13285846599442414,
        "profit_factor": 1.0237278747869236,
        "win_rate": 0.7327469553450608,
        "max_drawdown": 5.74673147507789,
        "total_return": 685608.6991770347,
        "trades": 2956
    }
}