{
    "hour": 7,
    "best_params": {
        "length_rsi": 9.0,
        "rsi_low": 37.0,
        "rsi_high": 59.0,
        "position_type": "short",
        "allowed_hours": [
            7
        ],
        "tp": 0.09183974994380044,
        "sl": 0.0330648788587837
    },
    "best_value": 0.1299757020037263,
    "raw_best_value": 0.1299757020037263,
    "optimize_metric": "sharpe_ratio",
    "direction": "maximize",
    "metrics": {
        "sortino_ratio": 0.10026486297350495,
        "sharpe_ratio": 0.1299757020037263,
        "calmar_ratio": 0.38283159262071187,
        "profit_factor": 1.174871268446271,
        "win_rate": 0.2871287128712871,
        "max_drawdown": 5.831013798224928,
        "total_return": 955198.0222637941,
        "trades": 1414
    }
}