{
    "hour": 10,
    "best_params": {
        "length_rsi": 7.0,
        "rsi_low": 37.0,
        "rsi_high": 61.0,
        "position_type": "short",
        "allowed_hours": [
            10
        ],
        "tp": 0.2941810912065476,
        "sl": 0.08728369234330009
    },
    "best_value": 0.8576164057415802,
    "raw_best_value": 0.8576164057415802,
    "optimize_metric": "sharpe_ratio",
    "direction": "maximize",
    "metrics": {
        "sortino_ratio": 0.8205922250297835,
        "sharpe_ratio": 0.8576164057415802,
        "calmar_ratio": 0.9140102013794978,
        "profit_factor": 1.1693511000991241,
        "win_rate": 0.27792074112197634,
        "max_drawdown": 2.6203107702990023,
        "total_return": 3586975.7852734313,
        "trades": 1943
    }
}