{
    "hour": 8,
    "best_params": {
        "length_rsi": 10.0,
        "rsi_low": 44.0,
        "rsi_high": 65.0,
        "position_type": "short",
        "allowed_hours": [
            8
        ],
        "tp": 0.39942342689861077,
        "sl": 0.1624570838248447
    },
    "best_value": 0.46626124971729055,
    "raw_best_value": 0.46626124971729055,
    "optimize_metric": "sharpe_ratio",
    "direction": "maximize",
    "metrics": {
        "sortino_ratio": 0.4104774154904998,
        "sharpe_ratio": 0.46626124971729055,
        "calmar_ratio": 0.4466998581690524,
        "profit_factor": 1.0366080813879273,
        "win_rate": 0.3390452876376989,
        "max_drawdown": 3.250341676496894,
        "total_return": 1517811.2911591385,
        "trades": 2451
    }
}