{
    "hour": 3,
    "best_params": {
        "length_rsi": 10.0,
        "rsi_low": 33.0,
        "rsi_high": 80.0,
        "position_type": "short",
        "allowed_hours": [
            3
        ],
        "tp": 0.2366166419193837,
        "sl": 0.0554569340422422
    },
    "best_value": 0.5339220323347283,
    "raw_best_value": 0.5339220323347283,
    "optimize_metric": "sharpe_ratio",
    "direction": "maximize",
    "metrics": {
        "sortino_ratio": 1.7631988945056263,
        "sharpe_ratio": 0.5339220323347283,
        "calmar_ratio": 2.08747577112876,
        "profit_factor": 1.0629046103507933,
        "win_rate": 0.1971383147853736,
        "max_drawdown": 0.95637786888305,
        "total_return": 599686.7723695611,
        "trades": 1258
    }
}