{
    "initial_cash": 30000,
    "final_equity": 269386.940000007,
    "total_return": 239386.940000007,
    "total_return_pct": 797.95646666669,
    "max_drawdown": 0.1004317623680199,
    "max_drawdown_value": 10528.09999999954,
    "max_time_underwater": 9081.0,
    "underwater_rate": 0.9538255033557047,
    "total_trades": 11402,
    "win_trades": 4652,
    "loss_trades": 6718,
    "win_rate": 0.4079985967374145,
    "tp_rate": 0.06805823539729872,
    "sl_rate": 0.4488686195404315,
    "time_exit_rate": 0.4830731450622698,
    "profit_factor": 1.3613391264257217,
    "avg_win": 193.8706577815993,
    "avg_loss": 98.61556415599883,
    "win_loss_ratio": 1.9659235278005158,
    "expectancy": 20.718403959569194,
    "annual_return": 41.359699730860136,
    "annual_volatility": 17.74304954813494,
    "sharpe_ratio": 2.331036703620526,
    "sortino_ratio": 6.3594161729251715,
    "calmar_ratio": 4.118189181954468,
    "risk_free_rate": 0.0
}