{
    "hour": 17,
    "best_params": {
        "length_rsi": 7.0,
        "rsi_low": 26.0,
        "rsi_high": 60.0,
        "position_type": "both",
        "allowed_hours": [
            17
        ],
        "tp": 1456.9,
        "sl": 121.80000000000001
    },
    "best_value": 2.3007831069015876,
    "raw_best_value": 2.3007831069015876,
    "optimize_metric": "sharpe_ratio",
    "direction": "maximize",
    "metrics": {
        "sortino_ratio": 9.851311096566254,
        "sharpe_ratio": 2.3007831069015876,
        "calmar_ratio": 2.356228763757731,
        "profit_factor": 1.4276136550091925,
        "win_rate": 0.41364755539922615,
        "max_drawdown": 0.05666438810842963,
        "total_return": 29501.219999998975,
        "trades": 2843
    }
}