{
    "hour": 11,
    "best_params": {
        "length_rsi": 6.0,
        "rsi_low": 25.0,
        "rsi_high": 84.0,
        "position_type": "both",
        "allowed_hours": [
            11
        ],
        "tp": 1253.0,
        "sl": 415.1
    },
    "best_value": 2.4955662089888286,
    "raw_best_value": 2.4955662089888286,
    "optimize_metric": "sharpe_ratio",
    "direction": "maximize",
    "metrics": {
        "sortino_ratio": 8.77169293179693,
        "sharpe_ratio": 2.4955662089888286,
        "calmar_ratio": 4.765815307628845,
        "profit_factor": 1.4899451890567021,
        "win_rate": 0.4016319129646419,
        "max_drawdown": 0.0791335697379368,
        "total_return": 45232.219999999914,
        "trades": 1103
    }
}