{
    "hour": 15,
    "best_params": {
        "length_rsi": 10.0,
        "rsi_low": 25.0,
        "rsi_high": 67.0,
        "position_type": "both",
        "allowed_hours": [
            15
        ],
        "tp": 1870.3000000000002,
        "sl": 716.8000000000001
    },
    "best_value": 1.1038446377311026,
    "raw_best_value": 1.1038446377311026,
    "optimize_metric": "sharpe_ratio",
    "direction": "maximize",
    "metrics": {
        "sortino_ratio": 2.3335428878874747,
        "sharpe_ratio": 1.1038446377311026,
        "calmar_ratio": 1.1924878097537184,
        "profit_factor": 1.2016286940561078,
        "win_rate": 0.4924901185770751,
        "max_drawdown": 0.13834410306998385,
        "total_return": 16974.159999999843,
        "trades": 1265
    }
}