{
    "hour": 16,
    "best_params": {
        "length_rsi": 10.0,
        "rsi_low": 34.0,
        "rsi_high": 80.0,
        "position_type": "both",
        "allowed_hours": [
            16
        ],
        "tp": 882.0,
        "sl": 265.3
    },
    "best_value": 2.1960547528005123,
    "raw_best_value": 2.1960547528005123,
    "optimize_metric": "sharpe_ratio",
    "direction": "maximize",
    "metrics": {
        "sortino_ratio": 8.021221135246668,
        "sharpe_ratio": 2.1960547528005123,
        "calmar_ratio": 4.137551916166464,
        "profit_factor": 1.4498724974181956,
        "win_rate": 0.4642184557438795,
        "max_drawdown": 0.05720553977628533,
        "total_return": 21110.05999999991,
        "trades": 1062
    }
}