{
    "initial_cash": 30000,
    "final_equity": 178261.60000005018,
    "total_return": 148261.60000005018,
    "total_return_pct": 494.2053333335006,
    "max_drawdown": 0.30426459709550163,
    "max_drawdown_value": 12276.399999998102,
    "max_time_underwater": 12939.0,
    "underwater_rate": 0.9400685610675128,
    "total_trades": 14385,
    "win_trades": 6602,
    "loss_trades": 7783,
    "win_rate": 0.4589502954466458,
    "tp_rate": 0.22384428223844283,
    "sl_rate": 0.3616266944734098,
    "time_exit_rate": 0.4145290232881474,
    "profit_factor": 1.1567155912255433,
    "avg_win": 165.75534686458647,
    "avg_loss": 121.55405370679689,
    "win_loss_ratio": 1.363634875266344,
    "expectancy": 10.30668057003821,
    "annual_return": 32.471968051980184,
    "annual_volatility": 19.0233190015733,
    "sharpe_ratio": 1.7069559759416655,
    "sortino_ratio": 2.7822757465480996,
    "calmar_ratio": 1.0672279444258834,
    "risk_free_rate": 0.0
}