{
    "hour": 10,
    "best_params": {
        "bb_length": 7,
        "std": 1.2000000000000002,
        "position_type": "short",
        "allowed_hours": [
            10
        ],
        "tp": 32.0,
        "sl": 9.7
    },
    "best_value": 0.676500533794739,
    "raw_best_value": 0.676500533794739,
    "optimize_metric": "calmar_ratio",
    "direction": "maximize",
    "metrics": {
        "sortino_ratio": 2.8140269288367263,
        "sharpe_ratio": 0.7171436250542046,
        "calmar_ratio": 0.676500533794739,
        "profit_factor": 1.1224561631607237,
        "win_rate": 0.29852378348824493,
        "max_drawdown": 0.13722652592151213,
        "total_return": 15446.40000000022,
        "trades": 1829
    }
}