{
    "hour": 13,
    "best_params": {
        "bb_length": 8,
        "std": 1.2000000000000002,
        "position_type": "long",
        "allowed_hours": [
            13
        ],
        "tp": 25.900000000000002,
        "sl": 29.200000000000003
    },
    "best_value": 0.5798628285604737,
    "raw_best_value": 0.5798628285604737,
    "optimize_metric": "calmar_ratio",
    "direction": "maximize",
    "metrics": {
        "sortino_ratio": 1.0714683515695254,
        "sharpe_ratio": 0.644982294439453,
        "calmar_ratio": 0.5798628285604737,
        "profit_factor": 1.101354169750237,
        "win_rate": 0.5374301675977654,
        "max_drawdown": 0.15464996195238434,
        "total_return": 15065.000000000233,
        "trades": 1790
    }
}