{
    "initial_cash": 30000,
    "final_equity": 131143.0,
    "total_return": 101143.0,
    "total_return_pct": 337.1433333333333,
    "max_drawdown": 0.15548335581926814,
    "max_drawdown_value": 8873.0,
    "max_time_underwater": 14521.0,
    "underwater_rate": 0.9532276569875963,
    "total_trades": 18498,
    "win_trades": 7640,
    "loss_trades": 10818,
    "win_rate": 0.41301762352686777,
    "tp_rate": 0.07006162828413882,
    "sl_rate": 0.421072548383609,
    "time_exit_rate": 0.5088658233322522,
    "profit_factor": 1.1320892705790782,
    "avg_win": 113.46335078534031,
    "avg_loss": 70.78175263449806,
    "win_loss_ratio": 1.6030028441262392,
    "expectancy": 5.314722126425565,
    "annual_return": 26.189883251861822,
    "annual_volatility": 12.935590827099732,
    "sharpe_ratio": 2.024637575656358,
    "sortino_ratio": 4.300918451652589,
    "calmar_ratio": 1.68441715924273,
    "risk_free_rate": 0.0
}