{
    "hour": 15,
    "best_params": {
        "bb_length": 10,
        "std": 1.3,
        "position_type": "short",
        "allowed_hours": [
            15
        ],
        "tp": 1700.0,
        "sl": 220.0
    },
    "best_value": 0.44012904308259687,
    "raw_best_value": 0.44012904308259687,
    "optimize_metric": "calmar_ratio",
    "direction": "maximize",
    "metrics": {
        "sortino_ratio": 2.0953076151699994,
        "sharpe_ratio": 0.450447291159083,
        "calmar_ratio": 0.44012904308259687,
        "profit_factor": 1.0828724373070344,
        "win_rate": 0.3112143331121433,
        "max_drawdown": 0.06662887151638121,
        "total_return": 3731.0,
        "trades": 1507
    }
}