{
    "hour": 12,
    "best_params": {
        "bb_length": 7,
        "std": 0.9,
        "position_type": "both",
        "allowed_hours": [
            12
        ],
        "tp": 1475.0,
        "sl": 480.0
    },
    "best_value": 0.5897931837307121,
    "raw_best_value": 0.5897931837307121,
    "optimize_metric": "calmar_ratio",
    "direction": "maximize",
    "metrics": {
        "sortino_ratio": 1.4694938102119022,
        "sharpe_ratio": 0.6714039208995992,
        "calmar_ratio": 0.5897931837307121,
        "profit_factor": 1.0716772807598325,
        "win_rate": 0.4080793420416062,
        "max_drawdown": 0.11395018120097253,
        "total_return": 15048.0,
        "trades": 4134
    }
}