{
    "hour": 11,
    "best_params": {
        "bb_length": 9,
        "std": 1.9000000000000001,
        "position_type": "both",
        "allowed_hours": [
            11
        ],
        "tp": 1235.0,
        "sl": 1880.0
    },
    "best_value": 1.2313161289552041,
    "raw_best_value": 1.2313161289552041,
    "optimize_metric": "calmar_ratio",
    "direction": "maximize",
    "metrics": {
        "sortino_ratio": 1.8624469447693734,
        "sharpe_ratio": 1.17032235004724,
        "calmar_ratio": 1.2313161289552041,
        "profit_factor": 1.181871246562272,
        "win_rate": 0.5223988439306358,
        "max_drawdown": 0.08453187854741831,
        "total_return": 16202.0,
        "trades": 1384
    }
}