{
    "hour": 10,
    "best_params": {
        "bb_length": 9,
        "std": 1.5,
        "position_type": "short",
        "allowed_hours": [
            10
        ],
        "tp": 1810.0,
        "sl": 405.0
    },
    "best_value": 1.4171402732444702,
    "raw_best_value": 1.4171402732444702,
    "optimize_metric": "calmar_ratio",
    "direction": "maximize",
    "metrics": {
        "sortino_ratio": 4.544456444104373,
        "sharpe_ratio": 1.064009081511346,
        "calmar_ratio": 1.4171402732444702,
        "profit_factor": 1.1797247368479802,
        "win_rate": 0.3278787878787879,
        "max_drawdown": 0.07433511887980453,
        "total_return": 16101.0,
        "trades": 1650
    }
}