{
    "hour": 9,
    "best_params": {
        "bb_length": 8,
        "std": 0.9,
        "position_type": "long",
        "allowed_hours": [
            9
        ],
        "tp": 1120.0,
        "sl": 355.0
    },
    "best_value": 0.7417672990162658,
    "raw_best_value": 0.7417672990162658,
    "optimize_metric": "calmar_ratio",
    "direction": "maximize",
    "metrics": {
        "sortino_ratio": 2.375115670659068,
        "sharpe_ratio": 0.5738325789883748,
        "calmar_ratio": 0.7417672990162658,
        "profit_factor": 1.0833460043008885,
        "win_rate": 0.2915971062882582,
        "max_drawdown": 0.06616426108059778,
        "total_return": 7674.0,
        "trades": 1797
    }
}