{
    "hour": 13,
    "best_params": {
        "bb_length": 10,
        "std": 1.7000000000000002,
        "position_type": "short",
        "allowed_hours": [
            13
        ],
        "tp": 1830.0,
        "sl": 425.0
    },
    "best_value": 1.8342563072970608,
    "raw_best_value": 1.8342563072970608,
    "optimize_metric": "calmar_ratio",
    "direction": "maximize",
    "metrics": {
        "sortino_ratio": 5.431533061833289,
        "sharpe_ratio": 1.2855574151790619,
        "calmar_ratio": 1.8342563072970608,
        "profit_factor": 1.2510234014141546,
        "win_rate": 0.40575396825396826,
        "max_drawdown": 0.0597,
        "total_return": 11467.0,
        "trades": 1008
    }
}