{
    "initial_cash": 30000,
    "final_equity": 99751.0,
    "total_return": 69751.0,
    "total_return_pct": 232.50333333333333,
    "max_drawdown": 0.2068325186378656,
    "max_drawdown_value": 9337.0,
    "max_time_underwater": 38387.0,
    "underwater_rate": 0.938906183064401,
    "total_trades": 4314,
    "win_trades": 2043,
    "loss_trades": 2268,
    "win_rate": 0.47357440890125174,
    "tp_rate": 0.3198887343532684,
    "sl_rate": 0.41214649976819656,
    "time_exit_rate": 0.267964765878535,
    "profit_factor": 1.2034416881772179,
    "avg_win": 201.9608418991679,
    "avg_loss": 151.1706349206349,
    "win_loss_ratio": 1.3359793190337397,
    "expectancy": 16.063395478729277,
    "annual_return": 23.256491596672667,
    "annual_volatility": 18.4328885485296,
    "sharpe_ratio": 1.2616845989950853,
    "sortino_ratio": 2.701590680417139,
    "calmar_ratio": 1.124411758355633,
    "risk_free_rate": 0.0
}