{
    "hour": 12,
    "best_params": {
        "length_rsi": 8.0,
        "rsi_low": 39.0,
        "rsi_high": 67.0,
        "position_type": "both",
        "allowed_hours": [
            12
        ],
        "tp": 530.0,
        "sl": 650.0
    },
    "best_value": 1.124468116538941,
    "raw_best_value": 1.124468116538941,
    "optimize_metric": "sharpe_ratio",
    "direction": "maximize",
    "metrics": {
        "sortino_ratio": 2.037501166407439,
        "sharpe_ratio": 1.124468116538941,
        "calmar_ratio": 1.016489154947213,
        "profit_factor": 1.1503485348425584,
        "win_rate": 0.5676328502415459,
        "max_drawdown": 0.14947919609726695,
        "total_return": 34402.0,
        "trades": 2898
    }
}