{
    "initial_cash": 30000,
    "final_equity": 40350.0,
    "total_return": 10350.0,
    "total_return_pct": 34.5,
    "max_drawdown": 0.04405588129711619,
    "max_drawdown_value": 1840.875,
    "max_time_underwater": 25574.0,
    "underwater_rate": 0.9046794166530115,
    "total_trades": 5792,
    "win_trades": 2113,
    "loss_trades": 3679,
    "win_rate": 0.3648135359116022,
    "tp_rate": 0.09202348066298342,
    "sl_rate": 0.5571477900552486,
    "time_exit_rate": 0.35082872928176795,
    "profit_factor": 1.1945269330526633,
    "avg_win": 30.078561287269284,
    "avg_loss": 14.462082087523784,
    "win_loss_ratio": 2.079822331614173,
    "expectancy": 1.786947513812155,
    "annual_return": 6.224117844431798,
    "annual_volatility": 3.583288510612729,
    "sharpe_ratio": 1.7369848467399844,
    "sortino_ratio": 3.986720231985745,
    "calmar_ratio": 1.4127779677033079,
    "risk_free_rate": 0.0
}