{
    "hour": 16,
    "best_params": {
        "bb_length": 10,
        "std": 1.6,
        "position_type": "long",
        "allowed_hours": [
            16
        ],
        "tp": 18.900000000000002,
        "sl": 3.4000000000000004
    },
    "best_value": 0.9223582517470209,
    "raw_best_value": 0.9223582517470209,
    "optimize_metric": "sharpe_ratio",
    "direction": "maximize",
    "metrics": {
        "sortino_ratio": 2.9337218743337083,
        "sharpe_ratio": 0.9223582517470209,
        "calmar_ratio": 0.7594185206081396,
        "profit_factor": 1.1360579499680168,
        "win_rate": 0.3295880149812734,
        "max_drawdown": 0.014411287432503715,
        "total_return": 983.75,
        "trades": 1068
    }
}