{
    "hour": 14,
    "best_params": {
        "bb_length": 6,
        "std": 0.8,
        "position_type": "long",
        "allowed_hours": [
            14
        ],
        "tp": 26.700000000000003,
        "sl": 7.4
    },
    "best_value": 1.1824305634464272,
    "raw_best_value": 1.1824305634464272,
    "optimize_metric": "sharpe_ratio",
    "direction": "maximize",
    "metrics": {
        "sortino_ratio": 3.682942669801,
        "sharpe_ratio": 1.1824305634464272,
        "calmar_ratio": 0.6774414170453283,
        "profit_factor": 1.1845002175428976,
        "win_rate": 0.3723529411764706,
        "max_drawdown": 0.04433986946591335,
        "total_return": 3869.5,
        "trades": 1700
    }
}