{
    "initial_cash": 30000,
    "final_equity": 181230.0,
    "total_return": 151230.0,
    "total_return_pct": 504.1,
    "max_drawdown": 0.2593385880740233,
    "max_drawdown_value": 32505.0,
    "max_time_underwater": 44325.0,
    "underwater_rate": 0.9619040008219694,
    "total_trades": 14214,
    "win_trades": 8641,
    "loss_trades": 5573,
    "win_rate": 0.607921767271704,
    "tp_rate": 0.6078514140987759,
    "sl_rate": 0.39116364148023075,
    "time_exit_rate": 0.0009849444209933868,
    "profit_factor": 1.081256780129566,
    "avg_win": 232.88589283647727,
    "avg_loss": 333.95603804055264,
    "win_loss_ratio": 0.6973549398983997,
    "expectancy": 10.639510341916463,
    "annual_return": 32.81763603617516,
    "annual_volatility": 24.223200780266346,
    "sharpe_ratio": 1.354801800714559,
    "sortino_ratio": 2.3505936557177427,
    "calmar_ratio": 1.2654359029211641,
    "risk_free_rate": 0.0
}