{
    "hour": 14,
    "best_params": {
        "length_rsi": 10.0,
        "rsi_low": 28.0,
        "rsi_high": 69.0,
        "position_type": "both",
        "allowed_hours": [
            14
        ],
        "tp": 1275.0,
        "sl": 1770.0
    },
    "best_value": -0.009253715629558148,
    "raw_best_value": -0.009253715629558148,
    "optimize_metric": "sharpe_ratio",
    "direction": "maximize",
    "metrics": {
        "sortino_ratio": -0.007898138860504887,
        "sharpe_ratio": -0.009253715629558148,
        "calmar_ratio": -0.1727066230182143,
        "profit_factor": 0.8985897420154962,
        "win_rate": 0.5493197278911565,
        "max_drawdown": 1.6811916022609297,
        "total_return": -33035.0,
        "trades": 1176
    }
}