{
    "hour": 15,
    "best_params": {
        "length_rsi": 8.0,
        "rsi_low": 44.0,
        "rsi_high": 56.0,
        "position_type": "long",
        "allowed_hours": [
            15
        ],
        "tp": 785.0,
        "sl": 1390.0
    },
    "best_value": 0.1352811237630338,
    "raw_best_value": 0.1352811237630338,
    "optimize_metric": "sharpe_ratio",
    "direction": "maximize",
    "metrics": {
        "sortino_ratio": 0.1813246492402133,
        "sharpe_ratio": 0.1352811237630338,
        "calmar_ratio": 0.0959271785035074,
        "profit_factor": 1.0292100289106452,
        "win_rate": 0.6544561933534743,
        "max_drawdown": 0.8394276629570747,
        "total_return": 13074.0,
        "trades": 2648
    }
}