{
    "hour": 17,
    "best_params": {
        "length_rsi": 6.0,
        "rsi_low": 26.0,
        "rsi_high": 77.0,
        "position_type": "both",
        "allowed_hours": [
            17
        ],
        "tp": 1300.0,
        "sl": 245.0
    },
    "best_value": 0.38165759129783816,
    "raw_best_value": 0.38165759129783816,
    "optimize_metric": "sharpe_ratio",
    "direction": "maximize",
    "metrics": {
        "sortino_ratio": 1.5674400155773192,
        "sharpe_ratio": 0.38165759129783816,
        "calmar_ratio": 0.28193631263112695,
        "profit_factor": 1.0679530700970759,
        "win_rate": 0.17841726618705037,
        "max_drawdown": 0.20728272071453108,
        "total_return": 6846.0,
        "trades": 1390
    }
}