{
    "hour": 9,
    "best_params": {
        "length_rsi": 8.0,
        "rsi_low": 30.0,
        "rsi_high": 75.0,
        "position_type": "long",
        "allowed_hours": [
            9
        ],
        "tp": 880.0,
        "sl": 505.0
    },
    "best_value": 0.017763369029753784,
    "raw_best_value": 0.017763369029753784,
    "optimize_metric": "sharpe_ratio",
    "direction": "maximize",
    "metrics": {
        "sortino_ratio": 0.04794385518111007,
        "sharpe_ratio": 0.017763369029753784,
        "calmar_ratio": 0.013786043810534065,
        "profit_factor": 1.0032314048986646,
        "win_rate": 0.3609715242881072,
        "max_drawdown": 0.4340142721509295,
        "total_return": 445.0,
        "trades": 1194
    }
}