{
    "hour": 13,
    "best_params": {
        "length_rsi": 10.0,
        "rsi_low": 36.0,
        "rsi_high": 62.0,
        "position_type": "both",
        "allowed_hours": [
            13
        ],
        "tp": 300.0,
        "sl": 975.0
    },
    "best_value": 0.3238267069094371,
    "raw_best_value": 0.3238267069094371,
    "optimize_metric": "sharpe_ratio",
    "direction": "maximize",
    "metrics": {
        "sortino_ratio": 0.4005624619062042,
        "sharpe_ratio": 0.3238267069094371,
        "calmar_ratio": 0.192976500632896,
        "profit_factor": 1.0422299777499182,
        "win_rate": 0.7811715481171548,
        "max_drawdown": 0.2456337764024662,
        "total_return": 7478.0,
        "trades": 2390
    }
}