{
    "hour": 12,
    "best_params": {
        "length_rsi": 8.0,
        "rsi_low": 29.0,
        "rsi_high": 63.0,
        "position_type": "long",
        "allowed_hours": [
            12
        ],
        "tp": 1715.0,
        "sl": 820.0
    },
    "best_value": 0.8097545445653114,
    "raw_best_value": 0.8097545445653114,
    "optimize_metric": "sharpe_ratio",
    "direction": "maximize",
    "metrics": {
        "sortino_ratio": 2.3699732420577106,
        "sharpe_ratio": 0.8097545445653114,
        "calmar_ratio": 0.5603146353115974,
        "profit_factor": 1.1049443177244063,
        "win_rate": 0.34021949644932215,
        "max_drawdown": 0.4593476035779449,
        "total_return": 31286.0,
        "trades": 1549
    }
}