{
    "hour": 10,
    "best_params": {
        "length_rsi": 6.0,
        "rsi_low": 31.0,
        "rsi_high": 65.0,
        "position_type": "short",
        "allowed_hours": [
            10
        ],
        "tp": 1035.0,
        "sl": 1050.0
    },
    "best_value": 0.8614096087163806,
    "raw_best_value": 0.8614096087163806,
    "optimize_metric": "sharpe_ratio",
    "direction": "maximize",
    "metrics": {
        "sortino_ratio": 1.754759034220306,
        "sharpe_ratio": 0.8614096087163806,
        "calmar_ratio": 0.8753357775853431,
        "profit_factor": 1.096751506329734,
        "win_rate": 0.52648790058862,
        "max_drawdown": 0.2312434076245531,
        "total_return": 27651.0,
        "trades": 1529
    }
}