{
    "initial_cash": 30000,
    "final_equity": 310287.8000000653,
    "total_return": 280287.8000000653,
    "total_return_pct": 934.2926666668843,
    "max_drawdown": 0.15593613871404013,
    "max_drawdown_value": 15364.199999996868,
    "max_time_underwater": 12755.0,
    "underwater_rate": 0.9731187981186563,
    "total_trades": 13899,
    "win_trades": 5076,
    "loss_trades": 8823,
    "win_rate": 0.3652061299374056,
    "tp_rate": 0.1434635585293906,
    "sl_rate": 0.5482408806388949,
    "time_exit_rate": 0.3082955608317145,
    "profit_factor": 1.238385007779531,
    "avg_win": 286.85295508274226,
    "avg_loss": 133.26281310211945,
    "win_loss_ratio": 2.1525356429548466,
    "expectancy": 20.166040722354126,
    "annual_return": 44.64629132442788,
    "annual_volatility": 21.22336897116676,
    "sharpe_ratio": 2.1036382765188026,
    "sortino_ratio": 5.81479396252386,
    "calmar_ratio": 2.8631138165028855,
    "risk_free_rate": 0.0
}