{
    "hour": 10,
    "best_params": {
        "length_rsi": 10.0,
        "rsi_low": 29.0,
        "rsi_high": 74.0,
        "position_type": "both",
        "allowed_hours": [
            10
        ],
        "tp": 29.1,
        "sl": 9.5
    },
    "best_value": 5.177745546046515,
    "raw_best_value": 5.177745546046515,
    "optimize_metric": "sortino_ratio",
    "direction": "maximize",
    "metrics": {
        "sortino_ratio": 5.177745546046515,
        "sharpe_ratio": 1.4481168716090307,
        "calmar_ratio": 1.8962284595862775,
        "profit_factor": 1.2356211665312051,
        "win_rate": 0.33507853403141363,
        "max_drawdown": 0.16390221240049238,
        "total_return": 30555.399999998983,
        "trades": 1146
    }
}