{
    "hour": 15,
    "best_params": {
        "length_rsi": 10.0,
        "rsi_low": 34.0,
        "rsi_high": 56.0,
        "position_type": "long",
        "allowed_hours": [
            15
        ],
        "tp": 31.900000000000002,
        "sl": 12.0
    },
    "best_value": 6.449083265426249,
    "raw_best_value": 6.449083265426249,
    "optimize_metric": "sortino_ratio",
    "direction": "maximize",
    "metrics": {
        "sortino_ratio": 6.449083265426249,
        "sharpe_ratio": 2.347127707669962,
        "calmar_ratio": 2.9612623305330046,
        "profit_factor": 1.3622716754468018,
        "win_rate": 0.4921875,
        "max_drawdown": 0.11518476808412323,
        "total_return": 73580.99999999914,
        "trades": 2432
    }
}