{
    "hour": 12,
    "best_params": {
        "length_rsi": 8.0,
        "rsi_low": 36.0,
        "rsi_high": 66.0,
        "position_type": "long",
        "allowed_hours": [
            12
        ],
        "tp": 23.700000000000003,
        "sl": 13.100000000000001
    },
    "best_value": 6.867635702854679,
    "raw_best_value": 6.867635702854679,
    "optimize_metric": "sortino_ratio",
    "direction": "maximize",
    "metrics": {
        "sortino_ratio": 6.867635702854679,
        "sharpe_ratio": 2.4687218636246517,
        "calmar_ratio": 2.8809290443703635,
        "profit_factor": 1.3467971713898776,
        "win_rate": 0.46441605839416056,
        "max_drawdown": 0.15576517436475165,
        "total_return": 44352.99999999802,
        "trades": 1096
    }
}