{
    "initial_cash": 30000,
    "final_equity": 63355.375,
    "total_return": 33355.375,
    "total_return_pct": 111.18458333333332,
    "max_drawdown": 0.06971491338332952,
    "max_drawdown_value": 3087.375,
    "max_time_underwater": 10860.0,
    "underwater_rate": 0.9449971519308349,
    "total_trades": 4767,
    "win_trades": 2177,
    "loss_trades": 2590,
    "win_rate": 0.4566813509544787,
    "tp_rate": 0.21795678623872455,
    "sl_rate": 0.4648625970211873,
    "time_exit_rate": 0.31718061674008813,
    "profit_factor": 1.2327865591787135,
    "avg_win": 81.14044556729444,
    "avg_loss": 55.32331081081081,
    "win_loss_ratio": 1.466659250469852,
    "expectancy": 6.997141808265155,
    "annual_return": 18.587963998624012,
    "annual_volatility": 11.07735472181927,
    "sharpe_ratio": 1.6780146944297953,
    "sortino_ratio": 4.508377848734809,
    "calmar_ratio": 2.6662823055402134,
    "risk_free_rate": 0.0
}