{
    "hour": 13,
    "best_params": {
        "length_rsi": 7.0,
        "rsi_low": 44.0,
        "rsi_high": 63.0,
        "position_type": "long",
        "allowed_hours": [
            13
        ],
        "tp": 36.0,
        "sl": 8.600000000000001
    },
    "best_value": 1.0903595018783154,
    "raw_best_value": 1.0903595018783154,
    "optimize_metric": "sharpe_ratio",
    "direction": "maximize",
    "metrics": {
        "sortino_ratio": 3.4676611166042983,
        "sharpe_ratio": 1.0903595018783154,
        "calmar_ratio": 1.3660658022825043,
        "profit_factor": 1.197959718982837,
        "win_rate": 0.4018146467919637,
        "max_drawdown": 0.05330857636776899,
        "total_return": 6981.0,
        "trades": 1543
    }
}