{
    "initial_cash": 30000,
    "final_equity": 114697.00000001802,
    "total_return": 84697.00000001802,
    "total_return_pct": 282.3233333333934,
    "max_drawdown": 0.11806013808317936,
    "max_drawdown_value": 9646.00000000195,
    "max_time_underwater": 15470.0,
    "underwater_rate": 0.9070141916755022,
    "total_trades": 13158,
    "win_trades": 5695,
    "loss_trades": 7463,
    "win_rate": 0.43281653746770027,
    "tp_rate": 0.34800121599027206,
    "sl_rate": 0.5333637330901353,
    "time_exit_rate": 0.11863505091959264,
    "profit_factor": 1.1293795062935357,
    "avg_win": 129.82212467076383,
    "avg_loss": 87.71807584081468,
    "win_loss_ratio": 1.4799928455607823,
    "expectancy": 6.436920504635964,
    "annual_return": 23.551397243068873,
    "annual_volatility": 12.227004186080075,
    "sharpe_ratio": 1.9261788811588973,
    "sortino_ratio": 2.8180046658135542,
    "calmar_ratio": 1.9948644500547439,
    "risk_free_rate": 0.0
}