{
    "hour": 11,
    "best_params": {
        "length_rsi": 9.0,
        "rsi_low": 35.0,
        "rsi_high": 59.0,
        "position_type": "both",
        "allowed_hours": [
            11
        ],
        "tp": 28.700000000000003,
        "sl": 18.3
    },
    "best_value": -0.000354971324859181,
    "raw_best_value": -0.000354971324859181,
    "optimize_metric": "sharpe_ratio",
    "direction": "maximize",
    "metrics": {
        "sortino_ratio": -0.003992951198391809,
        "sharpe_ratio": -0.000354971324859181,
        "calmar_ratio": -0.1215157492864142,
        "profit_factor": 0.9012251381508651,
        "win_rate": 0.40287339120023946,
        "max_drawdown": 1.6287815709132265,
        "total_return": -55839.800000004594,
        "trades": 3341
    }
}