{
    "hour": 16,
    "best_params": {
        "length_rsi": 8.0,
        "rsi_low": 42.0,
        "rsi_high": 56.0,
        "position_type": "short",
        "allowed_hours": [
            16
        ],
        "tp": 2.0,
        "sl": 19.6
    },
    "best_value": 1.2272196910616298,
    "raw_best_value": 1.2272196910616298,
    "optimize_metric": "sharpe_ratio",
    "direction": "maximize",
    "metrics": {
        "sortino_ratio": 0.775485749375547,
        "sharpe_ratio": 1.2272196910616298,
        "calmar_ratio": 0.6606939476124858,
        "profit_factor": 1.2029448548090824,
        "win_rate": 0.8848991637973438,
        "max_drawdown": 0.09893220656494837,
        "total_return": 8308.40000000094,
        "trades": 2033
    }
}