{
    "hour": 12,
    "best_params": {
        "length_rsi": 8.0,
        "rsi_low": 32.0,
        "rsi_high": 63.0,
        "position_type": "short",
        "allowed_hours": [
            12
        ],
        "tp": 14.3,
        "sl": 3.5
    },
    "best_value": 0.3482793136759812,
    "raw_best_value": 0.3482793136759812,
    "optimize_metric": "sharpe_ratio",
    "direction": "maximize",
    "metrics": {
        "sortino_ratio": 0.6569306988690103,
        "sharpe_ratio": 0.3482793136759812,
        "calmar_ratio": 0.3031250539819483,
        "profit_factor": 1.038707060523839,
        "win_rate": 0.2290292177191329,
        "max_drawdown": 0.08867411389429014,
        "total_return": 1965.7999999999302,
        "trades": 1061
    }
}