{
    "hour": 15,
    "best_params": {
        "length_rsi": 9.0,
        "rsi_low": 42.0,
        "rsi_high": 64.0,
        "position_type": "short",
        "allowed_hours": [
            15
        ],
        "tp": 31.5,
        "sl": 7.5
    },
    "best_value": 0.8565032492292671,
    "raw_best_value": 0.8565032492292671,
    "optimize_metric": "sharpe_ratio",
    "direction": "maximize",
    "metrics": {
        "sortino_ratio": 1.630283484359978,
        "sharpe_ratio": 0.8565032492292671,
        "calmar_ratio": 0.6350491148471546,
        "profit_factor": 1.1088971372142498,
        "win_rate": 0.394961763382816,
        "max_drawdown": 0.19045783778575437,
        "total_return": 17732.199999998586,
        "trades": 2223
    }
}