{
    "hour": 17,
    "best_params": {
        "length_rsi": 8.0,
        "rsi_low": 38.0,
        "rsi_high": 68.0,
        "position_type": "short",
        "allowed_hours": [
            17
        ],
        "tp": 25.3,
        "sl": 2.0
    },
    "best_value": 1.386221314911099,
    "raw_best_value": 1.386221314911099,
    "optimize_metric": "sharpe_ratio",
    "direction": "maximize",
    "metrics": {
        "sortino_ratio": 3.2853157104371773,
        "sharpe_ratio": 1.386221314911099,
        "calmar_ratio": 0.9093449727429893,
        "profit_factor": 1.174223332561725,
        "win_rate": 0.23556581986143188,
        "max_drawdown": 0.07619714736411787,
        "total_return": 7978.0000000006985,
        "trades": 1732
    }
}