{
    "hour": 14,
    "best_params": {
        "length_rsi": 9.0,
        "rsi_low": 37.0,
        "rsi_high": 74.0,
        "position_type": "both",
        "allowed_hours": [
            14
        ],
        "tp": 18.5,
        "sl": 29.200000000000003
    },
    "best_value": -0.0005781756812805912,
    "raw_best_value": -0.0005781756812805912,
    "optimize_metric": "sharpe_ratio",
    "direction": "maximize",
    "metrics": {
        "sortino_ratio": -0.01699104870158551,
        "sharpe_ratio": -0.0005781756812805912,
        "calmar_ratio": -0.16730004981548705,
        "profit_factor": 0.8665352235892444,
        "win_rate": 0.5064516129032258,
        "max_drawdown": 1.1741336803626272,
        "total_return": -32708.80000000247,
        "trades": 1860
    }
}