{
    "hour": 9,
    "best_params": {
        "length_rsi": 7.0,
        "rsi_low": 36.0,
        "rsi_high": 60.0,
        "position_type": "short",
        "allowed_hours": [
            9
        ],
        "tp": 27.900000000000002,
        "sl": 3.5
    },
    "best_value": 1.9502412683743355,
    "raw_best_value": 1.9502412683743355,
    "optimize_metric": "sharpe_ratio",
    "direction": "maximize",
    "metrics": {
        "sortino_ratio": 5.577525552787498,
        "sharpe_ratio": 1.9502412683743355,
        "calmar_ratio": 2.2791545958682673,
        "profit_factor": 1.2415687115326406,
        "win_rate": 0.15114768297964487,
        "max_drawdown": 0.08184617775920905,
        "total_return": 30645.599999997095,
        "trades": 2309
    }
}