{
    "initial_cash": 30000,
    "final_equity": 36932.75,
    "total_return": 6932.75,
    "total_return_pct": 23.10916666666667,
    "max_drawdown": 0.11551204657795697,
    "max_drawdown_value": 4039.875,
    "max_time_underwater": 35012.0,
    "underwater_rate": 0.9404792559126696,
    "total_trades": 6298,
    "win_trades": 2717,
    "loss_trades": 3581,
    "win_rate": 0.4314067958081931,
    "tp_rate": 0.25992378532867577,
    "sl_rate": 0.47364242616703717,
    "time_exit_rate": 0.26643378850428706,
    "profit_factor": 1.0615047152653945,
    "avg_win": 44.03818549871181,
    "avg_loss": 31.47696174253002,
    "win_loss_ratio": 1.3990608705798224,
    "expectancy": 1.1007859637980282,
    "annual_return": 4.308521491204131,
    "annual_volatility": 7.54362022822026,
    "sharpe_ratio": 0.5711477196434405,
    "sortino_ratio": 0.9092268994895434,
    "calmar_ratio": 0.37299326077617273,
    "risk_free_rate": 0.0
}