{
    "initial_cash": 30000,
    "final_equity": 71073.0,
    "total_return": 41073.0,
    "total_return_pct": 136.91,
    "max_drawdown": 0.19584605617196238,
    "max_drawdown_value": 10905.0,
    "max_time_underwater": 61005.0,
    "underwater_rate": 0.9007968013708411,
    "total_trades": 4615,
    "win_trades": 1990,
    "loss_trades": 2615,
    "win_rate": 0.4312026002166847,
    "tp_rate": 0.26825568797399785,
    "sl_rate": 0.49642470205850486,
    "time_exit_rate": 0.2353196099674973,
    "profit_factor": 1.1488999177068115,
    "avg_win": 159.25427135678393,
    "avg_loss": 105.4848948374761,
    "win_loss_ratio": 1.5097353189966392,
    "expectancy": 8.671322004685848,
    "annual_return": 16.71785012152631,
    "annual_volatility": 16.16770794899579,
    "sharpe_ratio": 1.034027221067207,
    "sortino_ratio": 1.0605152273677085,
    "calmar_ratio": 0.8536219951678387,
    "risk_free_rate": 0.0
}