{
    "hour": 16,
    "best_params": {
        "length_rsi": 7.0,
        "rsi_low": 31.0,
        "rsi_high": 65.0,
        "position_type": "both",
        "allowed_hours": [
            16
        ],
        "tp": 710.0,
        "sl": 370.0
    },
    "best_value": -0.09654901333733362,
    "raw_best_value": -0.09654901333733362,
    "optimize_metric": "sharpe_ratio",
    "direction": "maximize",
    "metrics": {
        "sortino_ratio": -0.07158455801263362,
        "sharpe_ratio": -0.09654901333733362,
        "calmar_ratio": -0.47013670050008516,
        "profit_factor": 0.7971917354796,
        "win_rate": 0.41492537313432837,
        "max_drawdown": 1.010928075750697,
        "total_return": -29104.0,
        "trades": 2680
    }
}