{
    "hour": 15,
    "best_params": {
        "length_rsi": 8.0,
        "rsi_low": 45.0,
        "rsi_high": 56.0,
        "position_type": "short",
        "allowed_hours": [
            15
        ],
        "tp": 1815.0,
        "sl": 400.0
    },
    "best_value": 0.2174201562644754,
    "raw_best_value": 0.2174201562644754,
    "optimize_metric": "sharpe_ratio",
    "direction": "maximize",
    "metrics": {
        "sortino_ratio": 0.4132828420756846,
        "sharpe_ratio": 0.2174201562644754,
        "calmar_ratio": 0.14155338245182708,
        "profit_factor": 1.038725584710756,
        "win_rate": 0.45025792188651437,
        "max_drawdown": 0.30450502988773875,
        "total_return": 6628.0,
        "trades": 2714
    }
}