{
    "hour": 13,
    "best_params": {
        "length_rsi": 9.0,
        "rsi_low": 45.0,
        "rsi_high": 85.0,
        "position_type": "short",
        "allowed_hours": [
            13
        ],
        "tp": 550.0,
        "sl": 800.0
    },
    "best_value": -0.05758142912176682,
    "raw_best_value": -0.05758142912176682,
    "optimize_metric": "sharpe_ratio",
    "direction": "maximize",
    "metrics": {
        "sortino_ratio": -0.21955808415317848,
        "sharpe_ratio": -0.05758142912176682,
        "calmar_ratio": -0.44397277158276144,
        "profit_factor": 0.8741447670080107,
        "win_rate": 0.5346809353943718,
        "max_drawdown": 1.0414689911403259,
        "total_return": -27997.0,
        "trades": 2523
    }
}