{
    "hour": 12,
    "best_params": {
        "length_rsi": 8.0,
        "rsi_low": 45.0,
        "rsi_high": 74.0,
        "position_type": "short",
        "allowed_hours": [
            12
        ],
        "tp": 270.0,
        "sl": 390.0
    },
    "best_value": -0.2518278063752014,
    "raw_best_value": -0.2518278063752014,
    "optimize_metric": "sharpe_ratio",
    "direction": "maximize",
    "metrics": {
        "sortino_ratio": -0.3118868617030169,
        "sharpe_ratio": -0.2518278063752014,
        "calmar_ratio": -0.09645468902340838,
        "profit_factor": 0.9671903787451306,
        "win_rate": 0.5935969868173258,
        "max_drawdown": 0.3949324742906703,
        "total_return": -4826.0,
        "trades": 2655
    }
}