{
    "hour": 10,
    "best_params": {
        "length_rsi": 9.0,
        "rsi_low": 38.0,
        "rsi_high": 80.0,
        "position_type": "short",
        "allowed_hours": [
            10
        ],
        "tp": 495.0,
        "sl": 680.0
    },
    "best_value": -0.38618477602216106,
    "raw_best_value": -0.38618477602216106,
    "optimize_metric": "sharpe_ratio",
    "direction": "maximize",
    "metrics": {
        "sortino_ratio": -0.4292661034648342,
        "sharpe_ratio": -0.38618477602216106,
        "calmar_ratio": -0.4135356107603202,
        "profit_factor": 0.8685182897960024,
        "win_rate": 0.5572390572390572,
        "max_drawdown": 0.9794522788993227,
        "total_return": -25549.0,
        "trades": 1782
    }
}