{
    "hour": 17,
    "best_params": {
        "length_rsi": 7.0,
        "rsi_low": 45.0,
        "rsi_high": 57.0,
        "position_type": "short",
        "allowed_hours": [
            17
        ],
        "tp": 790.0,
        "sl": 80.0
    },
    "best_value": 1.6662802049826033,
    "raw_best_value": 1.6662802049826033,
    "optimize_metric": "sharpe_ratio",
    "direction": "maximize",
    "metrics": {
        "sortino_ratio": 3.5815448750487744,
        "sharpe_ratio": 1.6662802049826033,
        "calmar_ratio": 1.3356159511556165,
        "profit_factor": 1.1954879346745066,
        "win_rate": 0.28846866889136075,
        "max_drawdown": 0.05146240921285088,
        "total_return": 11204.0,
        "trades": 2697
    }
}