{
    "hour": 14,
    "best_params": {
        "length_rsi": 6.0,
        "rsi_low": 43.0,
        "rsi_high": 68.0,
        "position_type": "both",
        "allowed_hours": [
            14
        ],
        "tp": 865.0,
        "sl": 835.0
    },
    "best_value": -0.004882418862248703,
    "raw_best_value": -0.004882418862248703,
    "optimize_metric": "sharpe_ratio",
    "direction": "maximize",
    "metrics": {
        "sortino_ratio": -0.01062118260138088,
        "sharpe_ratio": -0.004882418862248703,
        "calmar_ratio": -0.23611000675053576,
        "profit_factor": 0.9283106565461173,
        "win_rate": 0.48932130991931655,
        "max_drawdown": 1.2088471685379472,
        "total_return": -26313.0,
        "trades": 4214
    }
}